2025-06-05 01:26:56,4243593388,6) Machine Learning Engineer,Berkley Hunt,False,False
2025-06-05 01:27:16,4240198089,6) AI Engineer,"Pyramid Consulting, Inc",False,False
2025-06-05 01:27:35,4233054003,6) GenAI / LLM Engineer,Bodhi,False,False
2025-06-05 01:27:56,4240235199,6) Machine Learning Engineer,Iris Software Inc.,False,False
2025-06-05 01:28:19,4239601322,6) Machine Learning Engineer,iO Associates - US,False,False
2025-06-05 01:28:43,4242896733,6) Machine Learning Engineer,Mondo,False,False
2025-06-05 01:29:03,4240227199,6) AI Engineer,"Agile Resources, Inc.",False,False
2025-06-05 01:29:41,4232932831,6) AI Engineer,Evolve,False,False
2025-06-05 01:30:01,4244015765,6) AI developer / Machine Learning Engineer,"I.T. Solutions, Inc.",False,False
2025-06-05 01:30:19,4243875281,6) Machine Learning Engineer,BEPC Inc. - Business Excellence Professional Consulting,False,False
2025-06-05 01:30:35,4239635746,6) AI Engineer - Quantitative Trading,Emaago,False,False
2025-06-05 01:30:53,4243868533,6) AI/ML Engineer/Data Scientist,"Pyramid Consulting, Inc",False,False
2025-06-05 01:31:12,4242212489,6) Machine Learning Engineer,Pacer Group,False,False
